21.5526511,-18.0271031,4.513108661
20.74480275,-18.0271031,4.513108661
19.9369544,-18.0271031,4.513108661
19.12910605,-18.0271031,4.513108661
18.3212577,-18.0271031,4.513108661
17.51340935,-18.0271031,4.513108661
16.705561,-18.0271031,4.513108661
15.89771265,-18.0271031,4.513108661
15.0898643,-18.0271031,4.513108661
14.28201595,-18.0271031,4.513108661
13.4741676,-18.0271031,4.513108661
12.66631925,-18.0271031,4.513108661
11.8584709,-18.0271031,4.513108661
11.05062255,-18.0271031,4.513108661
10.2427742,-18.0271031,4.513108661
9.434925845,-18.0271031,4.513108661
8.627077495,-18.0271031,4.513108661
7.819229145,-18.0271031,4.513108661
7.011380794,-18.0271031,4.513108661
6.203532444,-18.0271031,4.513108661
5.395684094,-18.0271031,4.513108661
4.587835743,-18.0271031,4.513108661
3.779987393,-18.0271031,4.513108661
2.972139043,-18.0271031,4.513108661
2.164290692,-18.0271031,4.513108661
1.356442342,-18.0271031,4.513108661
0.548593992,-18.0271031,4.513108661
-0.259254359,-18.0271031,4.513108661
-1.067102709,-18.0271031,4.513108661
-1.874951059,-18.0271031,4.513108661
-2.68279941,-18.0271031,4.513108661
-3.49064776,-18.0271031,4.513108661
-4.29849611,-18.0271031,4.513108661
-5.106344461,-18.0271031,4.513108661
-5.914192811,-18.0271031,4.513108661
-6.722041161,-18.0271031,4.513108661
-7.529889512,-18.0271031,4.513108661
-8.337737862,-18.0271031,4.513108661
-9.145586212,-18.0271031,4.513108661
-9.953434563,-18.0271031,4.513108661
-10.76128291,-18.0271031,4.513108661
-11.56913126,-18.0271031,4.513108661
-12.37697961,-18.0271031,4.513108661
-13.18482796,-18.0271031,4.513108661
-13.99267631,-18.0271031,4.513108661
-14.80052466,-18.0271031,4.513108661
-15.60837301,-18.0271031,4.513108661
-16.41622137,-18.0271031,4.513108661
-17.22406972,-18.0271031,4.513108661
-18.03191807,-18.0271031,4.513108661
-17.44385776,-14.94235734,5.66248749
-16.64801064,-14.94235734,5.66248749
-15.85216352,-14.94235734,5.66248749
-15.0563164,-14.94235734,5.66248749
-14.26046928,-14.94235734,5.66248749
-13.46462216,-14.94235734,5.66248749
-12.66877504,-14.94235734,5.66248749
-11.87292792,-14.94235734,5.66248749
-11.0770808,-14.94235734,5.66248749
-10.28123368,-14.94235734,5.66248749
-9.48538656,-14.94235734,5.66248749
-8.689539441,-14.94235734,5.66248749
-7.893692321,-14.94235734,5.66248749
-7.097845202,-14.94235734,5.66248749
-6.301998082,-14.94235734,5.66248749
-5.506150963,-14.94235734,5.66248749
-4.710303843,-14.94235734,5.66248749
-3.914456724,-14.94235734,5.66248749
-3.118609604,-14.94235734,5.66248749
-2.322762485,-14.94235734,5.66248749
-1.526915365,-14.94235734,5.66248749
-0.731068246,-14.94235734,5.66248749
0.064778874,-14.94235734,5.66248749
0.860625993,-14.94235734,5.66248749
1.656473113,-14.94235734,5.66248749
2.452320232,-14.94235734,5.66248749
3.248167352,-14.94235734,5.66248749
4.044014471,-14.94235734,5.66248749
4.839861591,-14.94235734,5.66248749
5.63570871,-14.94235734,5.66248749
6.43155583,-14.94235734,5.66248749
7.227402949,-14.94235734,5.66248749
8.023250069,-14.94235734,5.66248749
8.819097188,-14.94235734,5.66248749
9.614944308,-14.94235734,5.66248749
10.41079143,-14.94235734,5.66248749
11.20663855,-14.94235734,5.66248749
12.00248567,-14.94235734,5.66248749
12.79833279,-14.94235734,5.66248749
13.59417991,-14.94235734,5.66248749
14.39002702,-14.94235734,5.66248749
15.18587414,-14.94235734,5.66248749
15.98172126,-14.94235734,5.66248749
16.77756838,-14.94235734,5.66248749
17.5734155,-14.94235734,5.66248749
18.36926262,-14.94235734,5.66248749
19.16510974,-14.94235734,5.66248749
19.96095686,-14.94235734,5.66248749
20.75680398,-14.94235734,5.66248749
21.5526511,-14.94235734,5.66248749
21.5526511,-11.85761157,6.309248135
20.76377649,-11.85761157,6.309248135
19.97490188,-11.85761157,6.309248135
19.18602726,-11.85761157,6.309248135
18.39715265,-11.85761157,6.309248135
17.60827804,-11.85761157,6.309248135
16.81940343,-11.85761157,6.309248135
16.03052882,-11.85761157,6.309248135
15.24165421,-11.85761157,6.309248135
14.45277959,-11.85761157,6.309248135
13.66390498,-11.85761157,6.309248135
12.87503037,-11.85761157,6.309248135
12.08615576,-11.85761157,6.309248135
11.29728115,-11.85761157,6.309248135
10.50840654,-11.85761157,6.309248135
9.719531925,-11.85761157,6.309248135
8.930657313,-11.85761157,6.309248135
8.141782702,-11.85761157,6.309248135
7.35290809,-11.85761157,6.309248135
6.564033478,-11.85761157,6.309248135
5.775158867,-11.85761157,6.309248135
4.986284255,-11.85761157,6.309248135
4.197409643,-11.85761157,6.309248135
3.408535032,-11.85761157,6.309248135
2.61966042,-11.85761157,6.309248135
1.830785808,-11.85761157,6.309248135
1.041911197,-11.85761157,6.309248135
0.253036585,-11.85761157,6.309248135
-0.535838027,-11.85761157,6.309248135
-1.324712638,-11.85761157,6.309248135
-2.11358725,-11.85761157,6.309248135
-2.902461862,-11.85761157,6.309248135
-3.691336473,-11.85761157,6.309248135
-4.480211085,-11.85761157,6.309248135
-5.269085697,-11.85761157,6.309248135
-6.057960308,-11.85761157,6.309248135
-6.84683492,-11.85761157,6.309248135
-7.635709532,-11.85761157,6.309248135
-8.424584143,-11.85761157,6.309248135
-9.213458755,-11.85761157,6.309248135
-10.00233337,-11.85761157,6.309248135
-10.79120798,-11.85761157,6.309248135
-11.58008259,-11.85761157,6.309248135
-12.3689572,-11.85761157,6.309248135
-13.15783181,-11.85761157,6.309248135
-13.94670643,-11.85761157,6.309248135
-14.73558104,-11.85761157,6.309248135
-15.52445565,-11.85761157,6.309248135
-16.31333026,-11.85761157,6.309248135
-17.10220487,-11.85761157,6.309248135
-17.00064488,-8.772865812,6.4988002
-16.21384292,-8.772865812,6.4988002
-15.42704096,-8.772865812,6.4988002
-14.640239,-8.772865812,6.4988002
-13.85343704,-8.772865812,6.4988002
-13.06663509,-8.772865812,6.4988002
-12.27983313,-8.772865812,6.4988002
-11.49303117,-8.772865812,6.4988002
-10.70622921,-8.772865812,6.4988002
-9.919427251,-8.772865812,6.4988002
-9.132625292,-8.772865812,6.4988002
-8.345823333,-8.772865812,6.4988002
-7.559021374,-8.772865812,6.4988002
-6.772219416,-8.772865812,6.4988002
-5.985417457,-8.772865812,6.4988002
-5.198615498,-8.772865812,6.4988002
-4.411813539,-8.772865812,6.4988002
-3.62501158,-8.772865812,6.4988002
-2.838209622,-8.772865812,6.4988002
-2.051407663,-8.772865812,6.4988002
-1.264605704,-8.772865812,6.4988002
-0.477803745,-8.772865812,6.4988002
0.308998213,-8.772865812,6.4988002
1.095800172,-8.772865812,6.4988002
1.882602131,-8.772865812,6.4988002
2.66940409,-8.772865812,6.4988002
3.456206048,-8.772865812,6.4988002
4.243008007,-8.772865812,6.4988002
5.029809966,-8.772865812,6.4988002
5.816611925,-8.772865812,6.4988002
6.603413883,-8.772865812,6.4988002
7.390215842,-8.772865812,6.4988002
8.177017801,-8.772865812,6.4988002
8.96381976,-8.772865812,6.4988002
9.750621719,-8.772865812,6.4988002
10.53742368,-8.772865812,6.4988002
11.32422564,-8.772865812,6.4988002
12.11102759,-8.772865812,6.4988002
12.89782955,-8.772865812,6.4988002
13.68463151,-8.772865812,6.4988002
14.47143347,-8.772865812,6.4988002
15.25823543,-8.772865812,6.4988002
16.04503739,-8.772865812,6.4988002
16.83183935,-8.772865812,6.4988002
17.61864131,-8.772865812,6.4988002
18.40544326,-8.772865812,6.4988002
19.19224522,-8.772865812,6.4988002
19.97904718,-8.772865812,6.4988002
20.76584914,-8.772865812,6.4988002
21.5526511,-8.772865812,6.4988002
21.5526511,-6.16269632,6.311961614
20.76380607,-6.16269632,6.311961614
19.97496103,-6.16269632,6.311961614
19.186116,-6.16269632,6.311961614
18.39727097,-6.16269632,6.311961614
17.60842593,-6.16269632,6.311961614
16.8195809,-6.16269632,6.311961614
16.03073586,-6.16269632,6.311961614
15.24189083,-6.16269632,6.311961614
14.4530458,-6.16269632,6.311961614
13.66420076,-6.16269632,6.311961614
12.87535573,-6.16269632,6.311961614
12.0865107,-6.16269632,6.311961614
11.29766566,-6.16269632,6.311961614
10.50882063,-6.16269632,6.311961614
9.719975595,-6.16269632,6.311961614
8.931130562,-6.16269632,6.311961614
8.142285528,-6.16269632,6.311961614
7.353440495,-6.16269632,6.311961614
6.564595461,-6.16269632,6.311961614
5.775750427,-6.16269632,6.311961614
4.986905394,-6.16269632,6.311961614
4.19806036,-6.16269632,6.311961614
3.409215326,-6.16269632,6.311961614
2.620370293,-6.16269632,6.311961614
1.831525259,-6.16269632,6.311961614
1.042680225,-6.16269632,6.311961614
0.253835192,-6.16269632,6.311961614
-0.535009842,-6.16269632,6.311961614
-1.323854875,-6.16269632,6.311961614
-2.112699909,-6.16269632,6.311961614
-2.901544943,-6.16269632,6.311961614
-3.690389976,-6.16269632,6.311961614
-4.47923501,-6.16269632,6.311961614
-5.268080044,-6.16269632,6.311961614
-6.056925077,-6.16269632,6.311961614
-6.845770111,-6.16269632,6.311961614
-7.634615145,-6.16269632,6.311961614
-8.423460178,-6.16269632,6.311961614
-9.212305212,-6.16269632,6.311961614
-10.00115025,-6.16269632,6.311961614
-10.78999528,-6.16269632,6.311961614
-11.57884031,-6.16269632,6.311961614
-12.36768535,-6.16269632,6.311961614
-13.15653038,-6.16269632,6.311961614
-13.94537541,-6.16269632,6.311961614
-14.73422045,-6.16269632,6.311961614
-15.52306548,-6.16269632,6.311961614
-16.31191051,-6.16269632,6.311961614
-17.10075555,-6.16269632,6.311961614
-17.31032507,-4.0271031,5.449125945
-16.5172031,-4.0271031,5.449125945
-15.72408114,-4.0271031,5.449125945
-14.93095918,-4.0271031,5.449125945
-14.13783722,-4.0271031,5.449125945
-13.34471525,-4.0271031,5.449125945
-12.55159329,-4.0271031,5.449125945
-11.75847133,-4.0271031,5.449125945
-10.96534936,-4.0271031,5.449125945
-10.1722274,-4.0271031,5.449125945
-9.37910544,-4.0271031,5.449125945
-8.585983477,-4.0271031,5.449125945
-7.792861515,-4.0271031,5.449125945
-6.999739552,-4.0271031,5.449125945
-6.20661759,-4.0271031,5.449125945
-5.413495627,-4.0271031,5.449125945
-4.620373664,-4.0271031,5.449125945
-3.827251702,-4.0271031,5.449125945
-3.034129739,-4.0271031,5.449125945
-2.241007777,-4.0271031,5.449125945
-1.447885814,-4.0271031,5.449125945
-0.654763852,-4.0271031,5.449125945
0.138358111,-4.0271031,5.449125945
0.931480073,-4.0271031,5.449125945
1.724602036,-4.0271031,5.449125945
2.517723999,-4.0271031,5.449125945
3.310845961,-4.0271031,5.449125945
4.103967924,-4.0271031,5.449125945
4.897089886,-4.0271031,5.449125945
5.690211849,-4.0271031,5.449125945
6.483333811,-4.0271031,5.449125945
7.276455774,-4.0271031,5.449125945
8.069577737,-4.0271031,5.449125945
8.862699699,-4.0271031,5.449125945
9.655821662,-4.0271031,5.449125945
10.44894362,-4.0271031,5.449125945
11.24206559,-4.0271031,5.449125945
12.03518755,-4.0271031,5.449125945
12.82830951,-4.0271031,5.449125945
13.62143147,-4.0271031,5.449125945
14.41455344,-4.0271031,5.449125945
15.2076754,-4.0271031,5.449125945
16.00079736,-4.0271031,5.449125945
16.79391932,-4.0271031,5.449125945
17.58704129,-4.0271031,5.449125945
18.38016325,-4.0271031,5.449125945
19.17328521,-4.0271031,5.449125945
19.96640717,-4.0271031,5.449125945
20.75952914,-4.0271031,5.449125945
21.5526511,-4.0271031,5.449125945
21.5526511,-1.738967506,4.524659157
20.7523,-1.738967506,4.524659157
19.9519489,-1.738967506,4.524659157
19.1515978,-1.738967506,4.524659157
18.3512467,-1.738967506,4.524659157
17.5508956,-1.738967506,4.524659157
16.7505445,-1.738967506,4.524659157
15.9501934,-1.738967506,4.524659157
15.1498423,-1.738967506,4.524659157
14.3494912,-1.738967506,4.524659157
13.5491401,-1.738967506,4.524659157
12.748789,-1.738967506,4.524659157
11.9484379,-1.738967506,4.524659157
11.1480868,-1.738967506,4.524659157
10.3477357,-1.738967506,4.524659157
9.547384603,-1.738967506,4.524659157
8.747033503,-1.738967506,4.524659157
7.946682403,-1.738967506,4.524659157
7.146331303,-1.738967506,4.524659157
6.345980203,-1.738967506,4.524659157
5.545629104,-1.738967506,4.524659157
4.745278004,-1.738967506,4.524659157
3.944926904,-1.738967506,4.524659157
3.144575804,-1.738967506,4.524659157
2.344224704,-1.738967506,4.524659157
1.543873605,-1.738967506,4.524659157
0.743522505,-1.738967506,4.524659157
-0.056828595,-1.738967506,4.524659157
-0.857179695,-1.738967506,4.524659157
-1.657530795,-1.738967506,4.524659157
-2.457881895,-1.738967506,4.524659157
-3.258232994,-1.738967506,4.524659157
-4.058584094,-1.738967506,4.524659157
-4.858935194,-1.738967506,4.524659157
-5.659286294,-1.738967506,4.524659157
-6.459637394,-1.738967506,4.524659157
-7.259988493,-1.738967506,4.524659157
-8.060339593,-1.738967506,4.524659157
-8.860690693,-1.738967506,4.524659157
-9.661041793,-1.738967506,4.524659157
-10.46139289,-1.738967506,4.524659157
-11.26174399,-1.738967506,4.524659157
-12.06209509,-1.738967506,4.524659157
-12.86244619,-1.738967506,4.524659157
-13.66279729,-1.738967506,4.524659157
-14.46314839,-1.738967506,4.524659157
-15.26349949,-1.738967506,4.524659157
-16.06385059,-1.738967506,4.524659157
-16.86420169,-1.738967506,4.524659157
-17.66455279,-1.738967506,4.524659157
-18.15655282,0.549168087,3.600192369
-17.3461609,0.549168087,3.600192369
-16.53576899,0.549168087,3.600192369
-15.72537707,0.549168087,3.600192369
-14.91498515,0.549168087,3.600192369
-14.10459324,0.549168087,3.600192369
-13.29420132,0.549168087,3.600192369
-12.4838094,0.549168087,3.600192369
-11.67341749,0.549168087,3.600192369
-10.86302557,0.549168087,3.600192369
-10.05263365,0.549168087,3.600192369
-9.242241736,0.549168087,3.600192369
-8.431849819,0.549168087,3.600192369
-7.621457902,0.549168087,3.600192369
-6.811065985,0.549168087,3.600192369
-6.000674069,0.549168087,3.600192369
-5.190282152,0.549168087,3.600192369
-4.379890235,0.549168087,3.600192369
-3.569498319,0.549168087,3.600192369
-2.759106402,0.549168087,3.600192369
-1.948714485,0.549168087,3.600192369
-1.138322568,0.549168087,3.600192369
-0.327930652,0.549168087,3.600192369
0.482461265,0.549168087,3.600192369
1.292853182,0.549168087,3.600192369
2.103245099,0.549168087,3.600192369
2.913637015,0.549168087,3.600192369
3.724028932,0.549168087,3.600192369
4.534420849,0.549168087,3.600192369
5.344812765,0.549168087,3.600192369
6.155204682,0.549168087,3.600192369
6.965596599,0.549168087,3.600192369
7.775988516,0.549168087,3.600192369
8.586380432,0.549168087,3.600192369
9.396772349,0.549168087,3.600192369
10.20716427,0.549168087,3.600192369
11.01755618,0.549168087,3.600192369
11.8279481,0.549168087,3.600192369
12.63834002,0.549168087,3.600192369
13.44873193,0.549168087,3.600192369
14.25912385,0.549168087,3.600192369
15.06951577,0.549168087,3.600192369
15.87990768,0.549168087,3.600192369
16.6902996,0.549168087,3.600192369
17.50069152,0.549168087,3.600192369
18.31108343,0.549168087,3.600192369
19.12147535,0.549168087,3.600192369
19.93186727,0.549168087,3.600192369
20.74225918,0.549168087,3.600192369
21.5526511,0.549168087,3.600192369
21.5526511,2.83730368,2.675725581
20.72929808,2.83730368,2.675725581
19.90594506,2.83730368,2.675725581
19.08259203,2.83730368,2.675725581
18.25923901,2.83730368,2.675725581
17.43588599,2.83730368,2.675725581
16.61253297,2.83730368,2.675725581
15.78917995,2.83730368,2.675725581
14.96582693,2.83730368,2.675725581
14.1424739,2.83730368,2.675725581
13.31912088,2.83730368,2.675725581
12.49576786,2.83730368,2.675725581
11.67241484,2.83730368,2.675725581
10.84906182,2.83730368,2.675725581
10.0257088,2.83730368,2.675725581
9.202355774,2.83730368,2.675725581
8.379002752,2.83730368,2.675725581
7.55564973,2.83730368,2.675725581
6.732296708,2.83730368,2.675725581
5.908943687,2.83730368,2.675725581
5.085590665,2.83730368,2.675725581
4.262237643,2.83730368,2.675725581
3.438884621,2.83730368,2.675725581
2.6155316,2.83730368,2.675725581
1.792178578,2.83730368,2.675725581
0.968825556,2.83730368,2.675725581
0.145472534,2.83730368,2.675725581
-0.677880487,2.83730368,2.675725581
-1.501233509,2.83730368,2.675725581
-2.324586531,2.83730368,2.675725581
-3.147939553,2.83730368,2.675725581
-3.971292574,2.83730368,2.675725581
-4.794645596,2.83730368,2.675725581
-5.617998618,2.83730368,2.675725581
-6.44135164,2.83730368,2.675725581
-7.264704661,2.83730368,2.675725581
-8.088057683,2.83730368,2.675725581
-8.911410705,2.83730368,2.675725581
-9.734763727,2.83730368,2.675725581
-10.55811675,2.83730368,2.675725581
-11.38146977,2.83730368,2.675725581
-12.20482279,2.83730368,2.675725581
-13.02817581,2.83730368,2.675725581
-13.85152884,2.83730368,2.675725581
-14.67488186,2.83730368,2.675725581
-15.49823488,2.83730368,2.675725581
-16.3215879,2.83730368,2.675725581
-17.14494092,2.83730368,2.675725581
-17.96829394,2.83730368,2.675725581
-18.79164697,2.83730368,2.675725581
-18.79164697,2.83730368,2.675725581
-18.79164697,2.83730368,2.675725581
-18.87554678,3.167812155,2.541082254
-18.95944658,3.498320629,2.404787552
-19.04334639,3.828829104,2.266832703
-19.1272462,4.159337578,2.127208768
-19.21114601,4.489846053,1.985906632
-19.29504582,4.820354527,1.842917003
-19.37894563,5.150863002,1.698230409
-19.46284544,5.481371477,1.551837193
-19.54674525,5.811879951,1.403727508
-19.63064506,6.142388426,1.253891317
-19.71454487,6.4728969,1.102318383
-19.79844468,6.803405375,0.94899827
-19.88234449,7.133913849,0.793920337
-19.9662443,7.464422324,0.63707373
-20.05014411,7.794930799,0.478447384
-20.13404392,8.125439273,0.318030011
-20.21794373,8.455947748,0.155810099
-20.30184354,8.786456222,-0.008224092
-20.38574335,9.116964697,-0.174084538
-20.46964316,9.447473172,-0.341783459
-20.55354297,9.777981646,-0.511333316
-20.63744277,10.10849012,-0.682746826
-20.72134258,10.4389986,-0.856036964
-20.80524239,10.76950707,-1.03121697
-20.8891422,11.10001554,-1.208300353
-20.97304201,11.43052402,-1.387300902
-21.05694182,11.76103249,-1.568232692
-21.14084163,12.09154097,-1.751110087
-21.22474144,12.42204944,-1.935947754
-21.30864125,12.75255792,-2.122760665
-21.39254106,13.08306639,-2.311564108
-21.47644087,13.41357487,-2.502373695
-21.56034068,13.74408334,-2.69520537
-21.64424049,14.07459182,-2.890075419
-21.7281403,14.40510029,-3.087000475
-21.81204011,14.73560876,-3.285997535
-21.89593992,15.06611724,-3.487083964
-21.97983973,15.39662571,-3.690277506
-22.06373954,15.72713419,-3.895596297
-22.14763935,16.05764266,-4.103058874
-22.23153915,16.38815114,-4.312684188
-22.31543896,16.71865961,-4.524491615
-22.39933877,17.04916809,-4.738500966
-22.48323858,17.37967656,-4.954732507
-22.56713839,17.71018504,-5.173206963
-22.6510382,18.04069351,-5.39394554
-22.73493801,18.37120199,-5.616969934
-22.81883782,18.70171046,-5.842302349
-22.90273763,19.03221893,-6.069965513
-22.98663744,19.36272741,-6.299982692
-23.07053725,19.69323588,-6.532377706
-23.15443706,20.02374436,-6.767174953
-23.23833687,20.35425283,-7.00439942
-23.32223668,20.68476131,-7.244076708
-23.40613649,21.01526978,-7.486233047
-23.4900363,21.34577826,-7.730895321
-23.4900363,21.34577826,-7.730895321
-23.15168896,21.34577826,-7.730895321
-22.81334163,21.34577826,-7.730895321
-22.4749943,21.34577826,-7.730895321
-22.13664696,21.34577826,-7.730895321
-21.79829963,21.34577826,-7.730895321
-21.4599523,21.34577826,-7.730895321
-21.12160496,21.34577826,-7.730895321
-20.78325763,21.34577826,-7.730895321
-20.4449103,21.34577826,-7.730895321
-20.10656296,21.34577826,-7.730895321
-19.76821563,21.34577826,-7.730895321
-19.4298683,21.34577826,-7.730895321
-19.09152096,21.34577826,-7.730895321
-18.75317363,21.34577826,-7.730895321
-18.4148263,21.34577826,-7.730895321
-18.07647896,21.34577826,-7.730895321
-17.73813163,21.34577826,-7.730895321
-17.3997843,21.34577826,-7.730895321
-17.06143696,21.34577826,-7.730895321
-16.72308963,21.34577826,-7.730895321
-16.3847423,21.34577826,-7.730895321
-16.04639496,21.34577826,-7.730895321
-15.70804763,21.34577826,-7.730895321
-15.3697003,21.34577826,-7.730895321
-15.03135296,21.34577826,-7.730895321
-14.69300563,21.34577826,-7.730895321
-14.3546583,21.34577826,-7.730895321
-14.01631096,21.34577826,-7.730895321
-13.67796363,21.34577826,-7.730895321
-13.3396163,21.34577826,-7.730895321
-13.00126896,21.34577826,-7.730895321
-12.66292163,21.34577826,-7.730895321
-12.3245743,21.34577826,-7.730895321
-11.98622696,21.34577826,-7.730895321
-11.64787963,21.34577826,-7.730895321
-11.3095323,21.34577826,-7.730895321
-10.97118496,21.34577826,-7.730895321
-10.63283763,21.34577826,-7.730895321
-10.2944903,21.34577826,-7.730895321
-9.956142963,21.34577826,-7.730895321
-9.617795629,21.34577826,-7.730895321
-9.279448296,21.34577826,-7.730895321
-8.941100962,21.34577826,-7.730895321
-8.602753629,21.34577826,-7.730895321
-8.264406296,21.34577826,-7.730895321
-7.926058962,21.34577826,-7.730895321
-7.587711629,21.34577826,-7.730895321
-7.249364296,21.34577826,-7.730895321
-6.911016962,21.34577826,-7.730895321
-6.911016962,21.34577826,-7.730895321
-5.681071308,21.01526978,-7.486233047
-4.555462148,20.68476131,-7.244076708
-3.512869499,20.35425283,-7.00439942
-2.5384586,20.02374436,-6.767174953
-1.621410466,19.69323588,-6.532377706
-0.753544656,19.36272741,-6.299982692
0.071503987,19.03221893,-6.069965513
0.858804895,18.70171046,-5.842302349
1.612474328,18.37120199,-5.616969934
2.335909496,18.04069351,-5.39394554
3.031953486,17.71018504,-5.173206963
3.703014468,17.37967656,-4.954732507
4.351153787,17.04916809,-4.738500966
4.978152331,16.71865961,-4.524491615
5.585561392,16.38815114,-4.312684188
6.174742222,16.05764266,-4.103058874
6.746897235,15.72713419,-3.895596297
7.303094889,15.39662571,-3.690277506
7.844289774,15.06611724,-3.487083964
8.371338969,14.73560876,-3.285997535
8.885015494,14.40510029,-3.087000475
9.386019462,14.07459182,-2.890075419
9.874987388,13.74408334,-2.69520537
10.35250003,13.41357487,-2.502373695
10.819089,13.08306639,-2.311564108
11.27524245,12.75255792,-2.122760665
11.72140987,12.42204944,-1.935947754
12.15800627,12.09154097,-1.751110087
12.58541579,11.76103249,-1.568232692
13.00399482,11.43052402,-1.387300902
13.41407473,11.10001554,-1.208300353
13.81596427,10.76950707,-1.03121697
14.20995169,10.4389986,-0.856036964
14.59630657,10.10849012,-0.682746826
14.9752815,9.777981646,-0.511333316
15.34711352,9.447473172,-0.341783459
15.71202545,9.116964697,-0.174084538
16.07022702,8.786456222,-0.008224092
16.42191595,8.455947748,0.155810099
16.76727888,8.125439273,0.318030011
17.10649221,7.794930799,0.478447384
17.43972287,7.464422324,0.63707373
17.76712901,7.133913849,0.793920337
18.08886065,6.803405375,0.94899827
18.40506021,6.4728969,1.102318383
18.71586306,6.142388426,1.253891317
19.021398,5.811879951,1.403727508
19.32178767,5.481371477,1.551837193
19.61714897,5.150863002,1.698230409
19.90759339,4.820354527,1.842917003
20.19322742,4.489846053,1.985906632
20.47415275,4.159337578,2.127208768
20.75046667,3.828829104,2.266832703
21.02226224,3.498320629,2.404787552
21.28962858,3.167812155,2.541082254
21.5526511,2.83730368,2.675725581
21.5526511,2.83730368,2.675725581
