21.5526511,-18.027103099661,4.51310866130998,0.433296855779238
20.7448027496769,-18.027103099661,4.51310866130998,0.433296855779238
19.9369543993538,-18.027103099661,4.51310866130998,0.433296855779238
19.1291060490307,-18.027103099661,4.51310866130998,0.433296855779238
18.3212576987077,-18.027103099661,4.51310866130998,0.433296855779238
17.5134093483846,-18.027103099661,4.51310866130998,0.433296855779238
16.7055609980615,-18.027103099661,4.51310866130998,0.433296855779238
15.8977126477384,-18.027103099661,4.51310866130998,0.433296855779238
15.0898642974153,-18.027103099661,4.51310866130998,0.433296855779238
14.2820159470922,-18.027103099661,4.51310866130998,0.433296855779238
13.4741675967691,-18.027103099661,4.51310866130998,0.433296855779238
12.666319246446,-18.027103099661,4.51310866130998,0.433296855779238
11.858470896123,-18.027103099661,4.51310866130998,0.433296855779238
11.0506225457999,-18.027103099661,4.51310866130998,0.433296855779238
10.2427741954768,-18.027103099661,4.51310866130998,0.433296855779238
9.43492584515371,-18.027103099661,4.51310866130998,0.433296855779238
8.62707749483062,-18.027103099661,4.51310866130998,0.433296855779238
7.81922914450753,-18.027103099661,4.51310866130998,0.433296855779238
7.01138079418445,-18.027103099661,4.51310866130998,0.433296855779238
6.20353244386136,-18.027103099661,4.51310866130998,0.433296855779238
5.39568409353828,-18.027103099661,4.51310866130998,0.433296855779238
4.58783574321519,-18.027103099661,4.51310866130998,0.433296855779238
3.7799873928921,-18.027103099661,4.51310866130998,0.433296855779238
2.97213904256902,-18.027103099661,4.51310866130998,0.433296855779238
2.16429069224593,-18.027103099661,4.51310866130998,0.433296855779238
1.35644234192284,-18.027103099661,4.51310866130998,0.433296855779238
0.548593991599756,-18.027103099661,4.51310866130998,0.433296855779238
-0.259254358723329,-18.027103099661,4.51310866130998,0.433296855779238
-1.06710270904642,-18.027103099661,4.51310866130998,0.433296855779238
-1.8749510593695,-18.027103099661,4.51310866130998,0.433296855779238
-2.68279940969259,-18.027103099661,4.51310866130998,0.433296855779238
-3.49064776001568,-18.027103099661,4.51310866130998,0.433296855779238
-4.29849611033876,-18.027103099661,4.51310866130998,0.433296855779238
-5.10634446066185,-18.027103099661,4.51310866130998,0.433296855779238
-5.91419281098493,-18.027103099661,4.51310866130998,0.433296855779238
-6.72204116130802,-18.027103099661,4.51310866130998,0.433296855779238
-7.52988951163111,-18.027103099661,4.51310866130998,0.433296855779238
-8.33773786195419,-18.027103099661,4.51310866130998,0.433296855779238
-9.14558621227728,-18.027103099661,4.51310866130998,0.433296855779238
-9.95343456260036,-18.027103099661,4.51310866130998,0.433296855779238
-10.7612829129234,-18.027103099661,4.51310866130998,0.433296855779238
-11.5691312632465,-18.027103099661,4.51310866130998,0.433296855779238
-12.3769796135696,-18.027103099661,4.51310866130998,0.433296855779238
-13.1848279638927,-18.027103099661,4.51310866130998,0.433296855779238
-13.9926763142158,-18.027103099661,4.51310866130998,0.433296855779238
-14.8005246645389,-18.027103099661,4.51310866130998,0.433296855779238
-15.608373014862,-18.027103099661,4.51310866130998,0.433296855779238
-16.4162213651851,-18.027103099661,4.51310866130998,0.433296855779238
-17.2240697155081,-18.027103099661,4.51310866130998,0.433296855779238
-18.0319180658312,-18.027103099661,4.51310866130998,0.433296855779238
-17.4438577553371,-14.9423573369492,5.66248749013551,0.280034404826826
-16.6480106358404,-14.9423573369492,5.66248749013551,0.280034404826826
-15.8521635163437,-14.9423573369492,5.66248749013551,0.280034404826826
-15.0563163968471,-14.9423573369492,5.66248749013551,0.280034404826826
-14.2604692773504,-14.9423573369492,5.66248749013551,0.280034404826826
-13.4646221578537,-14.9423573369492,5.66248749013551,0.280034404826826
-12.668775038357,-14.9423573369492,5.66248749013551,0.280034404826826
-11.8729279188604,-14.9423573369492,5.66248749013551,0.280034404826826
-11.0770807993637,-14.9423573369492,5.66248749013551,0.280034404826826
-10.281233679867,-14.9423573369492,5.66248749013551,0.280034404826826
-9.48538656037033,-14.9423573369492,5.66248749013551,0.280034404826826
-8.68953944087365,-14.9423573369492,5.66248749013551,0.280034404826826
-7.89369232137697,-14.9423573369492,5.66248749013551,0.280034404826826
-7.0978452018803,-14.9423573369492,5.66248749013551,0.280034404826826
-6.30199808238363,-14.9423573369492,5.66248749013551,0.280034404826826
-5.50615096288695,-14.9423573369492,5.66248749013551,0.280034404826826
-4.71030384339027,-14.9423573369492,5.66248749013551,0.280034404826826
-3.9144567238936,-14.9423573369492,5.66248749013551,0.280034404826826
-3.11860960439693,-14.9423573369492,5.66248749013551,0.280034404826826
-2.32276248490025,-14.9423573369492,5.66248749013551,0.280034404826826
-1.52691536540358,-14.9423573369492,5.66248749013551,0.280034404826826
-0.731068245906901,-14.9423573369492,5.66248749013551,0.280034404826826
0.0647788735897699,-14.9423573369492,5.66248749013551,0.280034404826826
0.860625993086447,-14.9423573369492,5.66248749013551,0.280034404826826
1.65647311258313,-14.9423573369492,5.66248749013551,0.280034404826826
2.4523202320798,-14.9423573369492,5.66248749013551,0.280034404826826
3.24816735157647,-14.9423573369492,5.66248749013551,0.280034404826826
4.04401447107315,-14.9423573369492,5.66248749013551,0.280034404826826
4.83986159056982,-14.9423573369492,5.66248749013551,0.280034404826826
5.6357087100665,-14.9423573369492,5.66248749013551,0.280034404826826
6.43155582956317,-14.9423573369492,5.66248749013551,0.280034404826826
7.22740294905985,-14.9423573369492,5.66248749013551,0.280034404826826
8.02325006855652,-14.9423573369492,5.66248749013551,0.280034404826826
8.8190971880532,-14.9423573369492,5.66248749013551,0.280034404826826
9.61494430754987,-14.9423573369492,5.66248749013551,0.280034404826826
10.4107914270465,-14.9423573369492,5.66248749013551,0.280034404826826
11.2066385465432,-14.9423573369492,5.66248749013551,0.280034404826826
12.0024856660399,-14.9423573369492,5.66248749013551,0.280034404826826
12.7983327855366,-14.9423573369492,5.66248749013551,0.280034404826826
13.5941799050332,-14.9423573369492,5.66248749013551,0.280034404826826
14.3900270245299,-14.9423573369492,5.66248749013551,0.280034404826826
15.1858741440266,-14.9423573369492,5.66248749013551,0.280034404826826
15.9817212635233,-14.9423573369492,5.66248749013551,0.280034404826826
16.7775683830199,-14.9423573369492,5.66248749013551,0.280034404826826
17.5734155025166,-14.9423573369492,5.66248749013551,0.280034404826826
18.3692626220133,-14.9423573369492,5.66248749013551,0.280034404826826
19.16510974151,-14.9423573369492,5.66248749013551,0.280034404826826
19.9609568610067,-14.9423573369492,5.66248749013551,0.280034404826826
20.7568039805033,-14.9423573369492,5.66248749013551,0.280034404826826
21.5526511,-14.9423573369492,5.66248749013551,0.280034404826826
21.5526511,-11.8576115742373,6.3092481352765,0.133306640079916
20.7637764883303,-11.8576115742373,6.3092481352765,0.133306640079916
19.9749018766607,-11.8576115742373,6.3092481352765,0.133306640079916
19.186027264991,-11.8576115742373,6.3092481352765,0.133306640079916
18.3971526533214,-11.8576115742373,6.3092481352765,0.133306640079916
17.6082780416517,-11.8576115742373,6.3092481352765,0.133306640079916
16.8194034299821,-11.8576115742373,6.3092481352765,0.133306640079916
16.0305288183124,-11.8576115742373,6.3092481352765,0.133306640079916
15.2416542066428,-11.8576115742373,6.3092481352765,0.133306640079916
14.4527795949731,-11.8576115742373,6.3092481352765,0.133306640079916
13.6639049833035,-11.8576115742373,6.3092481352765,0.133306640079916
12.8750303716338,-11.8576115742373,6.3092481352765,0.133306640079916
12.0861557599642,-11.8576115742373,6.3092481352765,0.133306640079916
11.2972811482945,-11.8576115742373,6.3092481352765,0.133306640079916
10.5084065366249,-11.8576115742373,6.3092481352765,0.133306640079916
9.71953192495521,-11.8576115742373,6.3092481352765,0.133306640079916
8.93065731328556,-11.8576115742373,6.3092481352765,0.133306640079916
8.14178270161591,-11.8576115742373,6.3092481352765,0.133306640079916
7.35290808994626,-11.8576115742373,6.3092481352765,0.133306640079916
6.5640334782766,-11.8576115742373,6.3092481352765,0.133306640079916
5.77515886660695,-11.8576115742373,6.3092481352765,0.133306640079916
4.9862842549373,-11.8576115742373,6.3092481352765,0.133306640079916
4.19740964326765,-11.8576115742373,6.3092481352765,0.133306640079916
3.408535031598,-11.8576115742373,6.3092481352765,0.133306640079916
2.61966041992834,-11.8576115742373,6.3092481352765,0.133306640079916
1.83078580825869,-11.8576115742373,6.3092481352765,0.133306640079916
1.04191119658904,-11.8576115742373,6.3092481352765,0.133306640079916
0.253036584919386,-11.8576115742373,6.3092481352765,0.133306640079916
-0.53583802675027,-11.8576115742373,6.3092481352765,0.133306640079916
-1.32471263841992,-11.8576115742373,6.3092481352765,0.133306640079916
-2.11358725008957,-11.8576115742373,6.3092481352765,0.133306640079916
-2.90246186175922,-11.8576115742373,6.3092481352765,0.133306640079916
-3.69133647342888,-11.8576115742373,6.3092481352765,0.133306640079916
-4.48021108509853,-11.8576115742373,6.3092481352765,0.133306640079916
-5.26908569676818,-11.8576115742373,6.3092481352765,0.133306640079916
-6.05796030843783,-11.8576115742373,6.3092481352765,0.133306640079916
-6.84683492010748,-11.8576115742373,6.3092481352765,0.133306640079916
-7.63570953177714,-11.8576115742373,6.3092481352765,0.133306640079916
-8.42458414344679,-11.8576115742373,6.3092481352765,0.133306640079916
-9.21345875511644,-11.8576115742373,6.3092481352765,0.133306640079916
-10.0023333667861,-11.8576115742373,6.3092481352765,0.133306640079916
-10.7912079784558,-11.8576115742373,6.3092481352765,0.133306640079916
-11.5800825901254,-11.8576115742373,6.3092481352765,0.133306640079916
-12.3689572017951,-11.8576115742373,6.3092481352765,0.133306640079916
-13.1578318134647,-11.8576115742373,6.3092481352765,0.133306640079916
-13.9467064251344,-11.8576115742373,6.3092481352765,0.133306640079916
-14.735581036804,-11.8576115742373,6.3092481352765,0.133306640079916
-15.5244556484737,-11.8576115742373,6.3092481352765,0.133306640079916
-16.3133302601433,-11.8576115742373,6.3092481352765,0.133306640079916
-17.102204871813,-11.8576115742373,6.3092481352765,0.133306640079916
-17.000644879443,-8.77286581152542,6.49880020048621,-0.0105645773774526
-16.2138429206789,-8.77286581152542,6.49880020048621,-0.0105645773774526
-15.4270409619148,-8.77286581152542,6.49880020048621,-0.0105645773774526
-14.6402390031506,-8.77286581152542,6.49880020048621,-0.0105645773774526
-13.8534370443865,-8.77286581152542,6.49880020048621,-0.0105645773774526
-13.0666350856223,-8.77286581152542,6.49880020048621,-0.0105645773774526
-12.2798331268582,-8.77286581152542,6.49880020048621,-0.0105645773774526
-11.493031168094,-8.77286581152542,6.49880020048621,-0.0105645773774526
-10.7062292093299,-8.77286581152542,6.49880020048621,-0.0105645773774526
-9.91942725056575,-8.77286581152542,6.49880020048621,-0.0105645773774526
-9.13262529180161,-8.77286581152542,6.49880020048621,-0.0105645773774526
-8.34582333303746,-8.77286581152542,6.49880020048621,-0.0105645773774526
-7.55902137427332,-8.77286581152542,6.49880020048621,-0.0105645773774526
-6.77221941550917,-8.77286581152542,6.49880020048621,-0.0105645773774526
-5.98541745674503,-8.77286581152542,6.49880020048621,-0.0105645773774526
-5.19861549798089,-8.77286581152542,6.49880020048621,-0.0105645773774526
-4.41181353921674,-8.77286581152542,6.49880020048621,-0.0105645773774526
-3.6250115804526,-8.77286581152542,6.49880020048621,-0.0105645773774526
-2.83820962168846,-8.77286581152542,6.49880020048621,-0.0105645773774526
-2.05140766292431,-8.77286581152542,6.49880020048621,-0.0105645773774526
-1.26460570416017,-8.77286581152542,6.49880020048621,-0.0105645773774526
-0.477803745396027,-8.77286581152542,6.49880020048621,-0.0105645773774526
0.30899821336812,-8.77286581152542,6.49880020048621,-0.0105645773774526
1.09580017213226,-8.77286581152542,6.49880020048621,-0.0105645773774526
1.88260213089641,-8.77286581152542,6.49880020048621,-0.0105645773774526
2.66940408966055,-8.77286581152542,6.49880020048621,-0.0105645773774526
3.45620604842469,-8.77286581152542,6.49880020048621,-0.0105645773774526
4.24300800718884,-8.77286581152542,6.49880020048621,-0.0105645773774526
5.02980996595298,-8.77286581152542,6.49880020048621,-0.0105645773774526
5.81661192471712,-8.77286581152542,6.49880020048621,-0.0105645773774526
6.60341388348127,-8.77286581152542,6.49880020048621,-0.0105645773774526
7.39021584224541,-8.77286581152542,6.49880020048621,-0.0105645773774526
8.17701780100955,-8.77286581152542,6.49880020048621,-0.0105645773774526
8.9638197597737,-8.77286581152542,6.49880020048621,-0.0105645773774526
9.75062171853784,-8.77286581152542,6.49880020048621,-0.0105645773774526
10.537423677302,-8.77286581152542,6.49880020048621,-0.0105645773774526
11.3242256360661,-8.77286581152542,6.49880020048621,-0.0105645773774526
12.1110275948303,-8.77286581152542,6.49880020048621,-0.0105645773774526
12.8978295535944,-8.77286581152542,6.49880020048621,-0.0105645773774526
13.6846315123586,-8.77286581152542,6.49880020048621,-0.0105645773774526
14.4714334711227,-8.77286581152542,6.49880020048621,-0.0105645773774526
15.2582354298868,-8.77286581152542,6.49880020048621,-0.0105645773774526
16.045037388651,-8.77286581152542,6.49880020048621,-0.0105645773774526
16.8318393474151,-8.77286581152542,6.49880020048621,-0.0105645773774526
17.6186413061793,-8.77286581152542,6.49880020048621,-0.0105645773774526
18.4054432649434,-8.77286581152542,6.49880020048621,-0.0105645773774526
19.1922452237076,-8.77286581152542,6.49880020048621,-0.0105645773774526
19.9790471824717,-8.77286581152542,6.49880020048621,-0.0105645773774526
20.7658491412359,-8.77286581152542,6.49880020048621,-0.0105645773774526
21.5526511,-8.77286581152542,6.49880020048621,-0.0105645773774526
